[{"categoryString":"EXTENSION","nonVisible":"true","iconName":"http://www.mirxtremapps.com/icon/Firebase.png","methods":[{"deprecated":"false","name":"Delete","description":"Delete filename","params":[{"name":"filename","type":"text"}]},{"deprecated":"false","name":"Get","description":"Get downloadUrl for given filename","params":[{"name":"filename","type":"text"}]},{"deprecated":"false","name":"UploadPhoto","description":"Upload .jpeg image file to Firebase Storage Bucket","params":[{"name":"filename","type":"text"},{"name":"path","type":"text"}]},{"deprecated":"false","name":"UploadVideo","description":"Upload .mp4 video file to Firebase Storage Bucket","params":[{"name":"filename","type":"text"},{"name":"path","type":"text"}]}],"blockProperties":[{"rw":"invisible","deprecated":"false","name":"AllowCookies","description":"Never allow Cookies","type":"boolean"},{"rw":"invisible","deprecated":"false","name":"ApiKey","description":"The Firebase project API","type":"text"},{"rw":"invisible","deprecated":"false","name":"RequestHeaders","description":"Content-Type: application/json","type":"list"},{"rw":"invisible","deprecated":"false","name":"ResponseFileName","description":"","type":"text"},{"rw":"invisible","deprecated":"false","name":"SaveResponse","description":"","type":"boolean"},{"rw":"invisible","deprecated":"false","name":"StorageBucket","description":"The Firebase project API","type":"text"},{"rw":"invisible","deprecated":"false","name":"Url","description":"The URL for the web request.","type":"text"}],"type":"com.mirxtremapps.FirebaseStorage","version":"1","external":"true","showOnPalette":"true","name":"FirebaseStorage","helpString":"Firebase Storage version 1.0","events":[{"deprecated":"false","name":"Error","description":"Event that return Response PayLoad for Error handler.","params":[{"name":"message","type":"text"}]},{"deprecated":"false","name":"Response","description":"After Sign up or Sign in with email and password.\n email, idToken, refreshToken, expireIn, localId are returned from Firebase.","params":[{"name":"filename","type":"text"},{"name":"downloadUrl","type":"text"}]}],"properties":[{"defaultValue":"YOUR_FIREBASE_API","name":"ApiKey","editorType":"string"},{"defaultValue":"YOUR_FIREBASE_STORAGE_BUCKET","name":"StorageBucket","editorType":"string"}]}]