[{"categoryString":"EXTENSION","nonVisible":"true","iconName":"","methods":[{"deprecated":"false","name":"Close","description":"Method for Close","params":[{"name":"storagePath","type":"text"}]},{"deprecated":"false","name":"Mail","description":"Method for Mail","params":[{"name":"storagePath","type":"text"},{"name":"to","type":"text"},{"name":"subject","type":"text"},{"name":"body","type":"text"},{"name":"messageChoice","type":"text"}]}],"blockProperties":[],"type":"co.com.dendritas.GmailUtils","version":"1","external":"true","showOnPalette":"true","name":"GmailUtils","helpString":"Component for GmailUtils","events":[],"properties":[]}]