[{"categoryString":"EXTENSION","nonVisible":"true","iconName":"https://nmd.lima-city.de/nmd.png","methods":[{"deprecated":"false","name":"BlurEffect","description":"This methods creates a blur effect","params":[{"name":"imageA","type":"text"},{"name":"scale","type":"number"},{"name":"radius","type":"number"}],"returnType":"text"},{"deprecated":"false","name":"ColorBoostEffect","description":"Color boost technique is basically based on color filtering, which is to increase the intensity of a single color channel. For example: type = green/ blue or red; percent = 40%","params":[{"name":"imageA","type":"text"},{"name":"type","type":"text"},{"name":"percent","type":"number"}],"returnType":"text"},{"deprecated":"false","name":"ColorFilter","description":"Set a color filter to your image. For example: red = 30; green = 40; blue = 20","params":[{"name":"imageA","type":"text"},{"name":"red","type":"number"},{"name":"green","type":"number"},{"name":"blue","type":"number"}],"returnType":"text"},{"deprecated":"false","name":"FlipPicture","description":"Flip your image vertical or horizontal. For example: type = 1 (vertical); type = 2 (horizontal)","params":[{"name":"imageA","type":"text"},{"name":"type","type":"number"}],"returnType":"text"},{"deprecated":"false","name":"GammaEffect","description":"Set a gamma effect to your image. For example: red = 5; green = 10; blue = 20","params":[{"name":"imageA","type":"text"},{"name":"red","type":"number"},{"name":"green","type":"number"},{"name":"blue","type":"number"}],"returnType":"text"},{"deprecated":"false","name":"GreyscaleEffect","description":"Method for GreyscaleEffect","params":[{"name":"imageA","type":"text"}],"returnType":"text"},{"deprecated":"false","name":"HighlightEffect","description":"Set a highlight effect to your image","params":[{"name":"imageA","type":"text"}],"returnType":"text"},{"deprecated":"false","name":"HueFilter","description":"Change the hue of an image. For example: level = 1 or 2 or 3 or 4 ...","params":[{"name":"imageA","type":"text"},{"name":"level","type":"number"}],"returnType":"text"},{"deprecated":"false","name":"ImageRotation","description":"Rotate the image to the degree you need it. For example: degree = 100","params":[{"name":"imageA","type":"text"},{"name":"degree","type":"number"}],"returnType":"text"},{"deprecated":"false","name":"InvertEffect","description":"This effect inverts your image","params":[{"name":"imageA","type":"text"}],"returnType":"text"},{"deprecated":"false","name":"MergeTwoImages","description":"This methods creates a new side by side horizontal image.","params":[{"name":"leftImage","type":"text"},{"name":"rightImage","type":"text"}],"returnType":"text"},{"deprecated":"false","name":"Pixelate","description":"This methods creates a pixelate image effect","params":[{"name":"imageA","type":"text"},{"name":"pixelationAmount","type":"number"}],"returnType":"text"},{"deprecated":"false","name":"RoundCorner","description":"Set a round corner to your image. For example: round = 45","params":[{"name":"imageA","type":"text"},{"name":"round","type":"number"}],"returnType":"text"},{"deprecated":"false","name":"ScaleCenterCrop","description":"This methods creates a new scale center crop image","params":[{"name":"imageA","type":"text"},{"name":"height","type":"number"},{"name":"width","type":"number"}],"returnType":"text"},{"deprecated":"false","name":"SepiaToningEffect","description":"Set a sepia toning effect to your image. For example: depth = 20; red = 10; green = 20; blue = 25","params":[{"name":"imageA","type":"text"},{"name":"depth","type":"number"},{"name":"red","type":"number"},{"name":"green","type":"number"},{"name":"blue","type":"number"}],"returnType":"text"},{"deprecated":"false","name":"SetBrightness","description":"Change the brightness of your image. For example: value = 50 (maximum = 255=100% brightness)","params":[{"name":"imageA","type":"text"},{"name":"value","type":"number"}],"returnType":"text"},{"deprecated":"false","name":"SetColorDepth","description":"Change the color depth of an image as you wish. For example: bitOffset = 32 (bit) or bitOffset = 16 (bit)","params":[{"name":"imageA","type":"text"},{"name":"bitOffset","type":"number"}],"returnType":"text"},{"deprecated":"false","name":"SetContrast","description":"This changes the contrast of your image. For example: value = 20","params":[{"name":"imageA","type":"text"},{"name":"value","type":"number"}],"returnType":"text"},{"deprecated":"false","name":"ShadingFilter","description":"Make a new image with a shading filter. For example: shadingColor = green(rgb value)","params":[{"name":"imageA","type":"text"},{"name":"shadingColor","type":"number"}],"returnType":"text"},{"deprecated":"false","name":"TintColorEffect","description":"That's a pretty new other cool effect. It changes the tint color of your image. For example: degree = 100","params":[{"name":"imageA","type":"text"},{"name":"degree","type":"number"}],"returnType":"text"},{"deprecated":"false","name":"WatermarkEffect","description":"Set a watermark effect to an image and change the positon/size or color of the text. For example: text = hello; textSize = 25; textColor = red(rgb value); textAlphaValue = 255 (255= 100% visible,127.5= 50% visible, 0= 0% visible); pointX = 50; pointY = 100; text underline(boolean) = true or false","params":[{"name":"imageA","type":"text"},{"name":"text","type":"text"},{"name":"textSize","type":"number"},{"name":"textColor","type":"number"},{"name":"textUnderline","type":"boolean"},{"name":"textAlphaValue","type":"number"},{"name":"pointX","type":"number"},{"name":"pointY","type":"number"}],"returnType":"text"},{"deprecated":"false","name":"isLandscape","description":"Return true if image is in landscape format, else return false.","params":[{"name":"image","type":"text"}],"returnType":"boolean"},{"deprecated":"false","name":"isPortrait","description":"Return true if image is in portrait format, else return false.","params":[{"name":"image","type":"text"}],"returnType":"boolean"},{"deprecated":"false","name":"isSquare","description":"Return true if image is in square format (means as high as wide or as wide as high), else return false.","params":[{"name":"image","type":"text"}],"returnType":"boolean"}],"blockProperties":[{"rw":"read-write","deprecated":"false","name":"SaveNewImageAs","description":"Save the new created image to a folder/ name of your choice","type":"text"}],"type":"com.NMD.ImageEditor","version":"2","external":"true","showOnPalette":"true","name":"ImageEditor","helpString":"ImageEditor Extension by NMD | Release 11/06/2017 (Version 2) | Check out the blog for more informations: https://nmd-apps.jimdo.com","events":[],"properties":[{"defaultValue":"/NewImage.png","name":"SaveNewImageAs","editorType":"string"}]}]