[{"assets":[],"native":[],"permissions":["android.permission.INTERNET","android.permission.ACCESS_NETWORK_STATE","android.permission.READ_EXTERNAL_STORAGE"],"activities":[],"broadcastReceivers":[],"broadcastReceiver":[],"libraries":[],"type":"cn.colintree.aix.ColinTreeListView.ColinTreeListView","androidMinSdk":["7"]},{"assets":[],"native":[],"permissions":[],"activities":[],"broadcastReceivers":[],"broadcastReceiver":[],"libraries":[],"type":"cn.colintree.aix.ColinTreeListView.ColinTreeListViewElement","androidMinSdk":["7"]}]